{
	"style": "groupbox",
	"title": "Seesaw Settings",
	"layout": [
		{
			"control": "spinBox",
			"type": "int",
		  	"name": "length",
		  	"title": "Length",
			"tooltip": "How many blocks wide the platform is.",
			"value-default": 5,
			"value-min": 2,
			"value-max": 4096
		},
		{
			"control": "spinBox",
			"type": "double",
			"name": "pivot",
			"title": "Pivot Point",
			"tooltip": "The pivot point that all of the platform's rotation is based off of. It can be between 0 and 1, where 0 is the very left and 1 is the very right.",
            "value-default": 0.5,
            "value-min": 0,
			"value-max": 1,
			"decimals": 2
        },
        {
            "control": "group",
            "name": "selfRotating",
            "title": "Rotation Style",
            "children": [
                {
                    "control": "spinBox",
                    "type": "int",
                    "name": "speed",
                    "title": "Speed",
                    "tooltip": "How many frames it takes the platform to complete a full cycle.",
                    "value-default": 280,
                    "value-min": 0,
                    "value-max": 4096
                },
                {
                    "control": "spinBox",
                    "type": "int",
                    "name": "amount",
                    "title": "Amount",
                    "tooltip": "How far the platform rotates to the left or right.",
                    "value-default": 45,
                    "value-min": 0,
                    "value-max": 90
                },
                {
                    "control": "spinBox",
                    "type": "int",
                    "name": "offset",
                    "title": "Offset",
                    "tooltip": "An offset added to the platform's rotation.",
                    "value-default": 0,
                    "value-min": -90,
                    "value-max": 90
                }
            ]
        }
	]
}