{
	"style" : "groupbox",
	"title" : "Nid Settings",
	"layout": [
		{
			"control": "spinBox",
			"name": "jumpHorizontalDistance",
			"title": "Jump X Distance",
			"type": "int",
			"tooltip": "How far horizontally from the NPC its jump goal is (in pixels).",
			"value-default": 96,
			"value-min": 1,
			"value-max": 1024,
			"single-step": 32
		},
		{
			"control": "spinBox",
			"name": "jumpVerticalDistance",
			"title": "Jump Y Distance",
			"type": "int",
			"tooltip": "How far vertically from the NPC its jump goal is (in pixels).",
			"value-default": 0,
			"value-min": 0,
			"value-max": 1024,
			"single-step": 32
		},
		{
			"control": "spinBox",
			"name": "jumpSpeedBerBlock",
			"title": "Jump Horizontal Speed\n(per block)",
			"type": "double",
			"tooltip": "How fast the NPC moves per every 32 pixels in its jump horizontal distance (in pixels per frame).",
			"value-default": 0.45,
			"value-min": 0,
			"value-max": 1024,
			"single-step": 0.5,
			"decimals": 2
		},
		{
			"control": "spinBox",
			"name": "jumpsBeforeTurnAround",
			"title": "Jumps Before Turn Around",
			"type": "int",
			"tooltip": "How many times the NPC jumps before turning around. If 0, it won't turn around from a jump.",
			"value-default": 1,
			"value-min": 0,
			"value-max": 4096
		},
		{
			"control": "spinBox",
			"name": "platformWidth",
			"title": "Platform Width",
			"type": "int",
			"tooltip": "How much wider its platform is, in blocks. (Only applies to the <b>Nid's Platform</b> NPC.",
			"value-default": 3,
			"value-min": 1,
			"value-max": 4096
		}
	]
}

