{
	"style" : "groupbox",
	"title" : "Volcano Lotus Settings",
	"layout": [
		{
		"control" : "group",
		"title" : "",
		"name" : "..",
		"children": [
			{
				"control": "checkbox",
				"name": "override",
				"title": "Use Per-NPC Settings",
				"tooltip": "When checked, per-NPC settings will be used for these settings in place of NPC config values.",
				"text-visible": false,
				"value-default": false
			},
			{
				"control": "spinBox",
				"type": "int",
				"name": "idleTime",
				"title": "Idle Time",
				"tooltip": "How long the NPC is in its idle state.",
				"value-default": 170,
				"value-min": 0,
				"value-max": 4096,
				"single-step": 1
			},
			{
				"control": "spinBox",
				"type": "int",
				"name": "flashTime",
				"title": "Flashing Time",
				"tooltip": "How long the NPC is in its flashing state.",
				"value-default": 70,
				"value-min": 0,
				"value-max": 4096,
				"single-step": 1
			},
			{
				"control": "spinBox",
				"type": "int",
				"name": "spurtTime",
				"title": "Spurting Time",
				"tooltip": "How long the NPC is in its spurting state.",
				"value-default": 50,
				"value-min": 0,
				"value-max": 4096,
				"single-step": 1
			},
			{
				"control": "itemSelect",
				"name": "spurtNPCID",
				"title": "Spurt NPC ID",
				"type": "npc",
				"tooltip": "ID of the NPCs spawned when spurting.",
				"value-default": 753,
				"value-min": 0,
				"value-max": 1000,
				"single-step": 1
			},
			{
				"control": "spinBox",
				"type": "int",
				"name": "spurtNPCSpawns",
				"title": "Spurt NPC Spawns",
				"tooltip": "How many NPCs are spawned when spurting.",
				"value-default": 4,
				"value-min": 0,
				"value-max": 2000
			}]
		}
	]
}
