{
	"style" : "groupbox",
	"title" : "Swinging Claw Settings",
	"layout": [
		{
			"control": "spinBox",
			"name": "chainCount",
			"title": "Chain Count",
			"type": "int",
			"tooltip": "The number of chains connected to the claw.",
			"value-default": 4,
			"value-min": 0,
			"value-max": 20
		},
		{
			"control": "pointBox",
			"name": "attachedSpawnOffset",
			"title": "Attached NPC Spawn Offset",
			"type": "int",
			"tooltip": "An offset (in pixels) that the attached NPC will spawn from.",
			"value-default": {"x":0, "y":0},
			"value-min": {"x":-512, "y":-512},
			"value-max": {"x":512, "y":512},
			"single-step": 16
		}
	]
}

