{
	"style" : "groupbox",
	"title" : "Swinging Platform Settings",
	"layout": [
		{
			"control": "itemSelect",
			"name": "platformID",
			"title": "Platform NPC",
			"type": "npc",
			"tooltip": "Which NPC the platforms are.",
			"value-default": 0
		},
		{
			"control": "spinbox",
			"name": "platformWidth",
			"title": "Platform Width",
			"type": "int",
			"tooltip": "The width of the platform (in blocks).",
			"value-default": 3,
			"value-min": 0,
			"value-max": 100
		},
		{
			"control": "spinbox",
			"name": "platformCount",
			"title": "Platform Count",
			"type": "int",
			"tooltip": "How many platforms are attached.",
			"value-default": 1,
			"value-min": 1,
			"value-max": 100
		},
		{
			"control": "spinbox",
			"name": "radius",
			"title": "Radius",
			"type": "int",
			"tooltip": "How far away the platform is from the controller.",
			"value-default": 96,
			"value-min": 0,
			"value-max": 9999,
			"single-step": 16
		},
		{
			"control": "spinbox",
			"name": "startingRotation",
			"title": "Starting Rotation",
			"type": "int",
			"tooltip": "How many degrees it starts out at.",
			"value-default": 0,
			"value-min": -360,
			"value-max": 360
		},
		{
			"control": "spinbox",
			"name": "rotationSpeed",
			"title": "Rotation Speed",
			"type": "double",
			"tooltip": "How many degrees it rotates per frame. Positive means clockwise, negative means counter-clockwise.",
			"value-default": 1,
			"value-min": -360,
			"value-max": 360,
			"decimals": 2,
			"single-step": 0.1
		},
		{
			"control": "checkBox",
			"name": "displayCentreJoint",
			"title": "Display Centre Joint",
			"tooltip": "If ticked, a joint will be present where the centre of rotation is. Recommended to be set to false if attached to a block.",
			"value-default": true
		},
		{
			"control": "spinbox",
			"name": "lineSpeed",
			"title": "Lineguided\nMovement Speed",
			"type": "double",
			"tooltip": "How fast it moves, if attached to a lineguide.",
			"value-default": 1.5,
			"value-min": 0,
			"value-max": 360,
			"decimals": 2,
			"single-step": 0.1
		}
	]
}

