{
	"style" : "groupbox",
	"title" : "Blockhopper Settings",
	"layout": [
		{
			"control": "listGroup",
			"name": "canHaveBlocks",
			"title": "Can Have Blocks...",
			"tooltip": "The NPC will connect to any adjacent blocks that fit an ID in this list.",
			"collapse": false,
			"default-collapsed": false,
			"children": [
				{
					"control": "itemSelect",
					"name": "blockID",
					"title": "Block Type",
					"type": "block",
					"value-default": 0
				},
				{
					"control": "comboBox",
					"name": "visualEffect",
					"title": "Visuals",
					"elements": ["Pseudo-3D (with fill)","Pseudo-3D (no fill)","Simple"],
					"value-default": 0
				}
			]
		},
		
		{
			"control": "checkBox",
			"name": "wakeWhenWalkedOn",
			"title": "Wake When Walked On",
			"tooltip": "If ticked, will make the NPC instantly wake up when walked on.",
			"value-default": true
		},
		{
			"control": "spinBox",
			"name": "wakeDistance",
			"title": "Wake Distance",
			"type": "int",
			"tooltip": "The distance (in pixels) from the player that'll wake up the NPC. 0 will make it only wake when stood on.",
			"value-default": 192,
			"value-min": 0,
			"value-max": 4000
		},
		{
			"control": "spinBox",
			"name": "sleepDistance",
			"title": "Sleep Distance",
			"type": "int",
			"tooltip": "The distance (in pixels) from the player that'll make the NPC go back to sleep. 0 will make it never go back to sleep.",
			"value-default": 320,
			"value-min": 0,
			"value-max": 4000
		},
		{
			"control": "spinBox",
			"name": "jumpSpeedX",
			"title": "Jump Speed X",
			"type": "double",
			"tooltip": "The horizontal speed (in pixels per frame) that the NPC moves at during a jump.",
			"value-default": 1.5,
			"value-min": 0,
			"value-max": 20
		},
		{
			"control": "spinBox",
			"name": "jumpSpeedY",
			"title": "Jump Speed Y",
			"type": "double",
			"tooltip": "The vertical speed (in pixels per frame) that the NPC starts at during a jump.",
			"value-default": -9,
			"value-min": -20,
			"value-max": 0
		},
		{
			"control": "spinBox",
			"name": "jumpInterval",
			"title": "Jump Interval",
			"type": "int",
			"tooltip": "The time (in frames) that the NPC will walk before jumping. 0 will make it not jump automatically.",
			"value-default": 128,
			"value-min": 0,
			"value-max": 4000
		},
		{
			"control": "comboBox",
			"name": "ledgeBehaviour",
			"title": "Ledge Behaviour",
			"tooltip": "What the NPC does when it approaches a cliff edge.",
			"elements": ["Nothing","Turn Around","Jump"],
			"value-default": 1
		}
	]
}

