{
	"style" : "groupbox",
	"title" : "Goal Tape Settings",
	"layout": [
		{
			"control": "combobox",
			"name": "exitType",
			"title": "Exit Type",
			"tooltip": "The type of exit used when clearing the level via this NPC.",
			"elements": ["None","Card Roulette","Boss Orb","Offscreen Exit","Keyhole","Crystal Ball","Via Warp","Star","Goal Tape"],
			"value-default": 8
		},
		{
			"control": "checkbox",
			"name": "stopBehind",
			"title": "Stop Behind",
			"tootip": "Whether or not the player will stop behind the goal post.",
			"text-visible": false,
			"value-default": false
		}
	]
}
