{
	"style" : "groupbox",
	"title" : "Mega Blargg Settings",
	"layout": [
		{
			"control": "comboBox",
			"name": "emergeBehaviour",
			"title": "Emerge Behaviour",
			"tooltip": "Decides when the NPC comes out of lava/water.",
			"elements": ["When player comes close","When player passes by","Always out"],
			"value-default": 0
		},
		{
			"control": "spinBox",
			"name": "nearbyDistance",
			"title": "Nearby Distance",
			"tooltip": "How close the player needs to come to activate it.",
			"type": "int",
			"value-min": 0,
			"value-max": 1000,
			"value-default": 160
		},
		{
			"control": "spinBox",
			"name": "health",
			"title": "Health",
			"tooltip": "How close the player needs to come to activate it.",
			"type": "double",
			"decimals": 2,
			"value-min": 0.01,
			"value-max": 1000,
			"value-default": 1,
			"single-step": 0.1
		},
		{
			"control": "spinBox",
			"name": "chaseSpeed",
			"title": "Chase Speed",
			"tooltip": "How fast it chases after the player.",
			"type": "double",
			"decimals": 1,
			"value-min": 0.1,
			"value-max": 1000,
			"value-default": 2,
			"single-step": 0.1
		}
	]
}

