{
	"style" : "groupbox",
	"title" : "Bill Blaster Settings",
	"layout": [
        {
			"control": "spinBox",
			"name": "depth",
			"title": "Depth",
			"type": "int",
			"tooltip": "How far in the background the blaster is. Uses the same units as the 'depth' value for custom backgrounds.",
			"value-default": 75,
			"value-min": 0,
			"value-max": 2000
		},
		{
			"control": "spinBox",
			"name": "delay",
			"title": "Delay",
			"type": "int",
			"tooltip": "The number of ticks between attempts to fire the Bill Blaster.",
			"value-default": 200,
			"value-min": 0,
			"value-max": 999
		},
		{
			"control": "checkBox",
			"name": "useLocalTimer",
			"title": "Use Local Timer",
			"tooltip": "If checked, will use its own timer rather than a global one.",
			"value-default": false
		}
	]
}