{
	"style" : "groupbox",
	"title" : "Global Settings",
	"layout": [
		{
			"control": "comboBox",
			"name": "spawningBehaviour",
			"title": "Spawning Behaviour",
			"tooltip": "Decides how the NPC's spawning behaves.",
			"elements": ["Default","Don't Despawn","Spawned if in Section"],
			"value-default": 0
		},
		{
			"control": "comboBox",
			"name": "invincibleTo",
			"title": "Invincible To",
			"tooltip": "Decides what the NPC is invincible to.",
			"elements": ["Nothing","Everything","Player","NPC's"],
			"value-default": 0
		},
		{
			"control": "comboBox",
			"name": "turnAroundBehaviour",
			"title": "Turn Around\nBehaviour",
			"tooltip": "Decides how the NPC's turning behaves.",
			"elements": ["Default","Never","Only at Walls"],
			"value-default": 0
		},
		{
			"control": "checkbox",
			"name": "noblockcollision",
			"title": "No Block Collision",
			"tooltip": "If true, the NPC will go through blocks.",
			"text-visible": false,
			"value-default": false
		},
		{
			"control": "lineEdit",
			"name": "tags",
			"title": "Tags",
			"tooltip": "\"Tags\" for use by lua code. You can provide multiple by separating them with commas.\nExample: tag1, tag2, tag3",
			"value-default": ""
		},
		{
			"control" : "group",
			"title" : "Generator",
			"name" : "..",
			"children": [
				{
					"control": "spinBox",
					"name": "maxGeneratedNPCs",
					"title": "Max Generated NPCs",
					"tooltip": "How many NPC's can be generated by this generator before it will stop. Setting to 0 will allow infinite generated NPC's.",
					"type": "int",
					"value-min": 0,
					"value-max": 1000,
					"value-default": 0
				}
			]
		}
	]
}
