{
	"style" : "groupbox",
	"title" : "Dust Bunny Settings",
	"layout": [
        {
            "control": "spinBox",
            "name": "horizontalDistance",
            "title": "Horizontal Distance",
            "type": "int",
            "tooltip": "How far the NPC moves horizontally in each cycle.",
            "value-default": 0,
            "value-min": -4096,
            "value-max": 4096,
            "single-step": 32
        },
        {
            "control": "spinBox",
            "name": "verticalDistance",
            "title": "Vertical Distance",
            "type": "int",
            "tooltip": "How far the NPC moves vertically in each cycle.",
            "value-default": 192,
            "value-min": -4096,
            "value-max": 4096,
            "single-step": 32
        },
        {
            "control": "spinBox",
            "name": "cycleDuration",
            "title": "Cycle Duration",
            "type": "int",
            "tooltip": "How long each cycle lasts.",
            "value-default": 80,
            "value-min": 0,
            "value-max": 4096,
            "single-step": 32
        },
        {
            "control": "spinBox",
            "name": "waitTime",
            "title": "Wait Time Percentage",
            "type": "int",
            "tooltip": "How long the NPC spends waiting to move in each cycle (in percentage).",
            "value-default": 30,
            "value-min": 0,
            "value-max": 100
        },
        {
            "control": "checkBox",
            "name": "useLocalTimer",
            "title": "Use Local Timer",
            "tooltip": "When ticked, the NPC will use its own timer that is dependent on when it spawned in rather than a timer that's synced for all NPC's.",
            "value-default": false
        },
        {
			"control": "comboBox",
			"name": "eyeType",
			"title": "Eye Type",
			"tooltip": "The eye graphic used for this NPC.",
            "elements": ["Random","None","Big","Small","Thin"],
			"value-default": 0
		}
	]
}

