{
	"style" : "groupbox",
	"title" : "Burt the Bashful Settings",
	"layout": [
		{
			"control": "spinBox",
			"name": "health",
			"title": "Health",
			"type": "double",
			"tooltip": "How much damage this NPC can take.",
			"value-default": 6,
			"value-min": 0.01,
			"value-max": 1024,
			"decimals": 2
		},
		{
			"control": "spinBox",
			"name": "fireballDamage",
			"title": "Fireball Damage",
			"type": "double",
			"tooltip": "How much damage a fireball will do to the NPC.",
			"value-default": 0.25,
			"value-min": 0,
			"value-max": 1024,
			"decimals": 2
		},

		{
			"control": "description",
			"text": ""
		},

		{
			"control": "spinBox",
			"name": "jumpSpeedXHigh",
			"title": "Jump X Speed (High)",
			"type": "double",
			"tooltip": "How much horizontal speed the NPC gets with each jump, when at full health (in pixels per frame).",
			"value-default": 1.5,
			"value-min": -1024,
			"value-max": 1024,
			"decimals": 2
		},
		{
			"control": "spinBox",
			"name": "jumpSpeedYHigh",
			"title": "Jump Y Speed (High)",
			"type": "double",
			"tooltip": "How much vertical speed the NPC gets with each jump, when at full health (in pixels per frame).",
			"value-default": -12,
			"value-min": -1024,
			"value-max": 1024,
			"decimals": 2
		},
		{
			"control": "spinBox",
			"name": "jumpSpeedXLow",
			"title": "Jump X Speed (Low)",
			"type": "double",
			"tooltip": "How much horizontal speed the NPC gets with each jump, when at low health (in pixels per frame).",
			"value-default": 4,
			"value-min": -1024,
			"value-max": 1024,
			"decimals": 2
		},
		{
			"control": "spinBox",
			"name": "jumpSpeedYLow",
			"title": "Jump Y Speed (Low)",
			"type": "double",
			"tooltip": "How much vertical speed the NPC gets with each jump, when at low health (in pixels per frame).",
			"value-default": -14,
			"value-min": -1024,
			"value-max": 1024,
			"decimals": 2
		},
		{
			"control": "spinBox",
			"name": "preJumpTimeHigh",
			"title": "Pre-Jump Time (High)",
			"type": "int",
			"tooltip": "How many frames there are before a jump, when at full health (in frames).",
			"value-default": 24,
			"value-min": 0,
			"value-max": 1024
		},
		{
			"control": "spinBox",
			"name": "preJumpTimeLow",
			"title": "Pre-Jump Time (Low)",
			"type": "int",
			"tooltip": "How many frames there are before a jump, when at low health (in frames).",
			"value-default": 12,
			"value-min": 0,
			"value-max": 1024
		},

		{
			"control": "description",
			"text": ""
		},

		{
			"control": "spinBox",
			"name": "hurtSpeedX",
			"title": "Hurt X Speed",
			"type": "double",
			"tooltip": "How much horizontal speed the NPC gets when hit (in pixels per frame).",
			"value-default": 3,
			"value-min": -1024,
			"value-max": 1024,
			"decimals": 2
		},
		{
			"control": "spinBox",
			"name": "hurtSpeedY",
			"title": "Hurt Y Speed",
			"type": "double",
			"tooltip": "How much vertical speed the NPC gets when hit (in pixels per frame).",
			"value-default": -6,
			"value-min": -1024,
			"value-max": 1024,
			"decimals": 2
		},
		{
			"control": "spinBox",
			"name": "hurtStandTime",
			"title": "Hurt Stand Time",
			"type": "int",
			"tooltip": "How long the NPC stands around after being hit, before going back into normal behaviour (in frames).",
			"value-default": 96,
			"value-min": 0,
			"value-max": 1024
		},
		{
			"control": "spinBox",
			"name": "hurtInvincibilityTime",
			"title": "Hurt Invincibility Time",
			"type": "int",
			"tooltip": "How long the NPC gets invincibility after being hit (in frames).",
			"value-default": 128,
			"value-min": 0,
			"value-max": 1024
		},

		{
			"control": "description",
			"text": ""
		},

		{
			"control": "checkBox",
			"name": "haveIntro",
			"title": "Have Intro",
			"tooltip": "If ticked, the NPC will have a short animation before going into normal behaviour.",
			"value-default": true
		},
		{
			"control": "checkBox",
			"name": "haveDefeatedBounce",
			"title": "Have Defeated Bounce",
			"tooltip": "If ticked, the NPC will have an animation of bouncing around the screen before dying.",
			"value-default": true
		},
		{
			"control": "spinBox",
			"name": "pantsMaxHeight",
			"title": "Pants Max Height",
			"type": "int",
			"tooltip": "The maximum height that the NPC's pants can be at (as a percentage of the whole body).",
			"value-default": 75,
			"value-min": 0,
			"value-max": 100
		}
	]
}

