{
	"style" : "groupbox",
	"title" : "Burt Settings",
	"layout": [
		{
			"control": "comboBox",
			"name": "behaviourType",
			"title": "Behaviour Type",
			"elements": ["Jump","Jump (turns)","Stand"],
			"tooltip": "How the NPC behaves. In <b>Jump</b>, the NPC will continuously jump ahead, or onto another burt. <b>Jump (turns)</b> will have it turn around near cliffs/edges. In <b>Stand</b>, it will simply do nothing, although it can still be jumped on by other burts.",
			"value-default": 0
		},
		{
			"control": "spinBox",
			"name": "jumpHorizontalDistance",
			"title": "Jump X Distance",
			"type": "int",
			"tooltip": "How far the NPC jumps horizontally (in pixels).",
			"value-default": 32,
			"value-min": 1,
			"value-max": 1024,
			"single-step": 32
		},
		{
			"control": "spinBox",
			"name": "jumpVerticalDistance",
			"title": "Jump Y Distance",
			"type": "int",
			"tooltip": "How far the NPC jumps vertically (in pixels).",
			"value-default": 32,
			"value-min": 0,
			"value-max": 1024,
			"single-step": 32
		},
		{
			"control": "spinBox",
			"name": "leapHorizontalDistance",
			"title": "Leap Off X Distance",
			"type": "int",
			"tooltip": "How far the NPC jumps horizontally off of another burt (in pixels).",
			"value-default": 96,
			"value-min": 1,
			"value-max": 1024,
			"single-step": 32
		},
		{
			"control": "spinBox",
			"name": "leapVerticalDistance",
			"title": "Leap Off Y Distance",
			"type": "int",
			"tooltip": "How far the NPC jumps vertically off of another burt. (in pixels).",
			"value-default": 32,
			"value-min": 0,
			"value-max": 1024,
			"single-step": 32
		},
		{
			"control": "spinBox",
			"name": "maxJumpOntoRadius",
			"title": "Max Jump Onto Radius",
			"type": "int",
			"tooltip": "How far away another burt can be for this NPC to be able to jump on top of it.",
			"value-default": 128,
			"value-min": 0,
			"value-max": 1024,
			"single-step": 32
		},
		{
			"control": "spinBox",
			"name": "preJumpTime",
			"title": "Pre-Jump Time",
			"type": "int",
			"tooltip": "How many frames there are between touching the ground and actually jumping.",
			"value-default": 16,
			"value-min": 0,
			"value-max": 1024,
			"single-step": 4
		}
	]
}

