{
	"style" : "groupbox",
	"title" : "Billy Gun Settings",
	"layout": [
		{
			"control": "itemSelect",
			"name": "projectile",
			"title": "Projectile",
			"type": "npcorcoins",
			"tooltip": "Which NPC to fire from the Billy Gun (use none to fire regular Bullet Bills).",
			"value-default": 0
		},
		{
			"control": "spinbox",
			"name": "timer",
			"title": "Delay",
			"type": "int",
			"tooltip": "The number of ticks between firing the Billy Gun.",
			"value-default": 20,
			"value-min": 1,
			"value-max": 999
		},
		{
			"control": "spinbox",
			"name": "shots",
			"title": "Shots",
			"type": "int",
			"tooltip": "The number of shots that the Billy Gun can fire before it stops working. A value of 0 means no limit.",
			"value-default": 0,
			"value-min": 0,
			"value-max": 300
		}
	]
}

