{
	"style" : "groupbox",
	"title" : "Mr. Blizzard Settings",
	"layout": [	
{
			"control": "checkbox",
			"name": "Hop",
			"title": "Hops Instead of Throwing Snowballs?",
			"tooltip": "Check to make the NPC jump around rather than ambush the player.",
			"text-visible": true,
			"value-default": false
		},
		{
			"control": "checkbox",
			"name": "spawnHide",
			"title": "Start Hidden?",
			"tooltip": "Does it spawn under the ground? Check if so.",
			"text-visible": true,
			"value-default": true
		},
		{
			"control": "spinBox",
			"name": "throwTimer",
			"type": "int",
			"title": "Delay Between Throws",
			"tooltip": "The delay between each throw of the snowballs. Only applies when <b>Doesn't Hop</b> is checked.",
			"value-default": 192,
			"single-step": 1,
			"value-min": 1,
			"value-max": 1000
		},	
		{
			"control": "spinBox",
			"name": "waitTimer",
			"type": "int",
			"title": "Delay Between Hops",
			"tooltip": "The delay between when the NPC jumps after it's landed. Only applies when <b>Doesn't Hop</b> is unchecked.",
			"value-default": 32,
			"single-step": 1,
			"value-min": 0,
			"value-max": 1000
		},
		{
			"control": "spinBox",
			"name": "hopTimer",
			"type": "int",
			"title": "Number of Hops",
			"tooltip": "The number of hops the NPC performs before it turns around. Only applies when <b>Doesn't Hop</b> is unchecked.",
			"value-default": 7,
			"single-step": 1,
			"value-min": 1,
			"value-max": 100
		},			
		{
			"control": "spinBox",
			"name": "jumpSpeed",
			"type": "int",
			"title": "Speed",
			"tooltip": "The vertical speed of the NPC. Only applies when <b>Doesn't Hop</b> is unchecked.",
			"value-default": 7,
			"single-step": 1,
			"value-min": 1,
			"value-max": 20
		}
		]
}
