{
	"style" : "groupbox",
	"title" : "Camera Locker Settings",
	"layout": [
		{
			"control": "checkBox",
			"name": "canLock_up",
			"title": "Can Lock from Top",
			"tooltip": "If ticked, it can lock the camera if it appears on the top of the screen.",
			"value-default": true
		},
		{
			"control": "checkBox",
			"name": "canLock_right",
			"title": "Can Lock from Right",
			"tooltip": "If ticked, it can lock the camera if it appears on the right of the screen.",
			"value-default": true
		},
		{
			"control": "checkBox",
			"name": "canLock_down",
			"title": "Can Lock from Bottom",
			"tooltip": "If ticked, it can lock the camera if it appears on the bottom of the screen.",
			"value-default": true
		},
		{
			"control": "checkBox",
			"name": "canLock_left",
			"title": "Can Lock from Left",
			"tooltip": "If ticked, it can lock the camera if it appears on the left of the screen.",
			"value-default": true
		}
	]
}
